Vendor,GRAPHTEC Corporation
Model,"GL7000"
Version,"Ver2.02"
MaxCH,20
LogicCH,0
PulseCH,0
MaxUnit,2
UnitOrder,M,HSV
UnitLP,Off,Off
Sampling interval,1s
Total Data Points,40                 
Trigger,-2                 
Start time,2022-05-25,12:09:01
End time,2022-05-25,13:15:51
Trigger time,2022-05-25,12:09:01
Offset time,750000,us
AMP settings
CH,SignalName,Amp,Input,Range,Filter,SpanUpper,SpanLower,Unit,Color,,,Line,Scaling settings,Input Upper,Input Lower,Output Upper,Output Lower,Unit
CHU1-1," Current",M,DC,200mV,Off,+0.140,-0.060,mA,28,5,6,0
CHU1-2," Temperature",M,TEMP,TC_K,Off,+50.0,-30.0,degC,0,13,23,0
CHU1-3," CH1-3",M,DC,5V,Off,+3.050,-0.250,A,9,22,8,0
User Mark Settings,
UserMark1,Mark 1                        
UserMark2,Mark 2                        
UserMark3,Mark 3                        
UserMark4,Mark 4                        
UserMark5,Mark 5                        
UserMark6,Mark 6                        
UserMark7,Mark 7                        
UserMark8,Mark 8                        
Data
Number,Date,Time,ms,CHU1-1,CHU1-2,CHU1-3,AlarmU1,AlarmU2,AlarmOut,MarkEvent
NO.,Date,Time,ms,"mA","degC","A","A1234567890","A1234567890","AO1234567890","Alarm/Info/x/User12345678"
1,2022-05-25,12:09:03,750,+0.019,+0.0,+0.000,LLLLLLLLLL,LLLLLLLLLL,LLLLLLLLLL,LLLLLLLLLLL
2,2022-05-25,12:09:04,750,+0.019,+0.0,+0.000,LLLLLLLLLL,LLLLLLLLLL,LLLLLLLLLL,LLLLLLLLLLL
3,2022-05-25,12:09:05,750,+0.018,+0.0,+0.000,LLLLLLLLLL,LLLLLLLLLL,LLLLLLLLLL,LLLLLLLLLLL
4,2022-05-25,12:09:06,750,+0.018,+0.0,+0.000,LLLLLLLLLL,LLLLLLLLLL,LLLLLLLLLL,LLLLLLLLLLL
5,2022-05-25,12:09:07,750,+0.039,+0.0,+0.000,LLLLLLLLLL,LLLLLLLLLL,LLLLLLLLLL,LLLLLLLLLLL
6,2022-05-25,12:09:08,750,+0.030,+0.0,+0.000,LLLLLLLLLL,LLLLLLLLLL,LLLLLLLLLL,LLLLLLLLLLL
7,2022-05-25,12:09:09,750,+0.039,+0.0,+0.000,LLLLLLLLLL,LLLLLLLLLL,LLLLLLLLLL,LLLLLLLLLLL
8,2022-05-25,12:09:10,750,+0.043,+0.0,+0.000,LLLLLLLLLL,LLLLLLLLLL,LLLLLLLLLL,LLLLLLLLLLL
9,2022-05-25,12:09:11,750,+0.052,+0.0,+0.000,LLLLLLLLLL,LLLLLLLLLL,LLLLLLLLLL,LLLLLLLLLLL
10,2022-05-25,12:09:12,750,+0.058,+0.0,+0.000,LLLLLLLLLL,LLLLLLLLLL,LLLLLLLLLL,LLLLLLLLLLL
11,2022-05-25,12:09:13,750,+0.054,+0.0,+0.000,LLLLLLLLLL,LLLLLLLLLL,LLLLLLLLLL,LLLLLLLLLLL
12,2022-05-25,12:09:14,750,+0.056,+0.0,+0.000,LLLLLLLLLL,LLLLLLLLLL,LLLLLLLLLL,LLLLLLLLLLL
13,2022-05-25,12:09:15,750,+0.051,+0.0,+0.000,LLLLLLLLLL,LLLLLLLLLL,LLLLLLLLLL,LLLLLLLLLLL
14,2022-05-25,12:09:16,750,+0.059,+0.0,+0.000,LLLLLLLLLL,LLLLLLLLLL,LLLLLLLLLL,LLLLLLLLLLL
15,2022-05-25,12:09:17,750,+0.053,+0.0,+0.000,LLLLLLLLLL,LLLLLLLLLL,LLLLLLLLLL,LLLLLLLLLLL
16,2022-05-25,12:09:18,750,+0.054,+0.0,+0.000,LLLLLLLLLL,LLLLLLLLLL,LLLLLLLLLL,LLLLLLLLLLL
17,2022-05-25,12:09:19,750,+0.052,+0.0,+0.000,LLLLLLLLLL,LLLLLLLLLL,LLLLLLLLLL,LLLLLLLLLLL
18,2022-05-25,12:09:20,750,+0.060,+0.0,+0.000,LLLLLLLLLL,LLLLLLLLLL,LLLLLLLLLL,LLLLLLLLLLL
19,2022-05-25,12:09:21,750,+0.052,+0.0,+0.000,LLLLLLLLLL,LLLLLLLLLL,LLLLLLLLLL,LLLLLLLLLLL
20,2022-05-25,12:09:22,750,+0.058,+0.0,+0.000,LLLLLLLLLL,LLLLLLLLLL,LLLLLLLLLL,LLLLLLLLLLL
21,2022-05-25,12:09:23,750,+0.061,+0.0,+0.000,LLLLLLLLLL,LLLLLLLLLL,LLLLLLLLLL,LLLLLLLLLLL
22,2022-05-25,12:09:24,750,+0.062,+0.0,+0.000,LLLLLLLLLL,LLLLLLLLLL,LLLLLLLLLL,LLLLLLLLLLL
23,2022-05-25,12:09:25,750,+0.063,+0.0,+0.000,LLLLLLLLLL,LLLLLLLLLL,LLLLLLLLLL,LLLLLLLLLLL
24,2022-05-25,12:09:26,750,+0.060,+0.0,+0.000,LLLLLLLLLL,LLLLLLLLLL,LLLLLLLLLL,LLLLLLLLLLL
25,2022-05-25,12:09:27,750,+0.064,+0.0,+0.000,LLLLLLLLLL,LLLLLLLLLL,LLLLLLLLLL,LLLLLLLLLLL
26,2022-05-25,12:09:28,750,+0.059,+0.0,+0.000,LLLLLLLLLL,LLLLLLLLLL,LLLLLLLLLL,LLLLLLLLLLL
27,2022-05-25,12:09:29,750,+0.064,+0.0,+0.000,LLLLLLLLLL,LLLLLLLLLL,LLLLLLLLLL,LLLLLLLLLLL
28,2022-05-25,12:09:30,750,+0.061,+0.0,+0.000,LLLLLLLLLL,LLLLLLLLLL,LLLLLLLLLL,LLLLLLLLLLL
29,2022-05-25,12:09:31,750,+0.061,+0.0,+0.000,LLLLLLLLLL,LLLLLLLLLL,LLLLLLLLLL,LLLLLLLLLLL
30,2022-05-25,12:09:32,750,+0.063,+0.0,+0.000,LLLLLLLLLL,LLLLLLLLLL,LLLLLLLLLL,LLLLLLLLLLL
31,2022-05-25,12:09:33,750,+0.059,+0.0,+0.000,LLLLLLLLLL,LLLLLLLLLL,LLLLLLLLLL,LLLLLLLLLLL
32,2022-05-25,12:09:34,750,+0.064,+0.0,+0.000,LLLLLLLLLL,LLLLLLLLLL,LLLLLLLLLL,LLLLLLLLLLL
33,2022-05-25,12:09:35,750,+0.060,+0.0,+0.000,LLLLLLLLLL,LLLLLLLLLL,LLLLLLLLLL,LLLLLLLLLLL
34,2022-05-25,12:09:36,750,+0.062,+0.0,+0.000,LLLLLLLLLL,LLLLLLLLLL,LLLLLLLLLL,LLLLLLLLLLL
35,2022-05-25,12:09:37,750,+0.062,+0.0,+0.000,LLLLLLLLLL,LLLLLLLLLL,LLLLLLLLLL,LLLLLLLLLLL
36,2022-05-25,12:09:38,750,+0.060,+0.0,+0.000,LLLLLLLLLL,LLLLLLLLLL,LLLLLLLLLL,LLLLLLLLLLL
37,2022-05-25,12:09:39,750,+0.065,+0.0,+0.000,LLLLLLLLLL,LLLLLLLLLL,LLLLLLLLLL,LLLLLLLLLLL
38,2022-05-25,12:09:40,750,+0.028,+0.0,+0.000,LLLLLLLLLL,LLLLLLLLLL,LLLLLLLLLL,LLLLLLLLLLL
39,2022-05-25,12:09:41,750,+0.020,+0.0,+0.000,LLLLLLLLLL,LLLLLLLLLL,LLLLLLLLLL,LLLLLLLLLLL
40,2022-05-25,12:09:42,750,+0.019,+0.0,+0.000,LLLLLLLLLL,LLLLLLLLLL,LLLLLLLLLL,LLLLLLLLLLL
