"Series,""Date"",""Value"""
"Temperature for Smartbrick 141425,""2022-03-07 11:53:02"",""4.8"""
"Temperature for Smartbrick 141425,""2022-03-07 12:03:02"",""5"""
"Temperature for Smartbrick 141425,""2022-03-07 12:13:01"",""5.2"""
"Temperature for Smartbrick 141425,""2022-03-07 12:23:03"",""5.4"""
"Temperature for Smartbrick 141425,""2022-03-07 12:33:01"",""5.4"""
"Temperature for Smartbrick 141425,""2022-03-07 12:43:02"",""5.4"""
"Temperature for Smartbrick 141425,""2022-03-07 12:53:01"",""5.4"""
"Temperature for Smartbrick 141425,""2022-03-07 13:03:02"",""5.5"""
"Temperature for Smartbrick 141425,""2022-03-07 13:13:01"",""5.5"""
"Temperature for Smartbrick 141425,""2022-03-07 13:23:01"",""5.6"""
"Temperature for Smartbrick 141425,""2022-03-07 13:33:03"",""5.7"""
"Temperature for Smartbrick 141425,""2022-03-07 13:43:01"",""5.7"""
"Temperature for Smartbrick 141425,""2022-03-07 13:53:01"",""5.7"""
"Temperature for Smartbrick 141425,""2022-03-07 14:03:01"",""5.8"""
"Temperature for Smartbrick 141425,""2022-03-07 14:13:01"",""5.9"""
"Temperature for Smartbrick 141425,""2022-03-07 14:23:01"",""5.9"""
"Temperature for Smartbrick 141425,""2022-03-07 14:33:02"",""5.9"""
"Temperature for Smartbrick 141425,""2022-03-07 14:43:02"",""6"""
"Temperature for Smartbrick 141425,""2022-03-07 14:53:01"",""6"""
"Temperature for Smartbrick 141425,""2022-03-07 15:03:01"",""6.1"""
"Temperature for Smartbrick 141425,""2022-03-07 15:13:01"",""6.2"""
"Temperature for Smartbrick 141425,""2022-03-07 15:23:01"",""6.2"""
"Temperature for Smartbrick 141425,""2022-03-07 15:33:01"",""6.2"""
"Temperature for Smartbrick 141425,""2022-03-07 15:43:01"",""6.3"""
"Temperature for Smartbrick 141425,""2022-03-07 15:53:02"",""6.3"""
"Temperature for Smartbrick 141425,""2022-03-07 16:03:01"",""6.4"""
"Temperature for Smartbrick 141425,""2022-03-07 16:13:01"",""6.4"""
"Temperature for Smartbrick 141425,""2022-03-07 16:23:02"",""6.5"""
"Temperature for Smartbrick 141425,""2022-03-07 16:33:04"",""6.5"""
"Temperature for Smartbrick 141425,""2022-03-07 16:43:02"",""6.5"""
"Temperature for Smartbrick 141425,""2022-03-07 16:53:01"",""6.5"""
"Temperature for Smartbrick 141425,""2022-03-07 17:03:02"",""6.5"""
"Temperature for Smartbrick 141425,""2022-03-07 17:13:01"",""6.4"""
"Temperature for Smartbrick 141425,""2022-03-07 17:23:01"",""6.4"""
"Temperature for Smartbrick 141425,""2022-03-07 17:33:01"",""6.4"""
"Temperature for Smartbrick 141425,""2022-03-07 17:43:01"",""6.2"""
"Temperature for Smartbrick 141425,""2022-03-07 17:53:01"",""6"""
"Temperature for Smartbrick 141425,""2022-03-07 18:03:01"",""5.9"""
"Temperature for Smartbrick 141425,""2022-03-07 18:13:02"",""5.8"""
"Temperature for Smartbrick 141425,""2022-03-07 18:23:02"",""5.6"""
"Temperature for Smartbrick 141425,""2022-03-07 18:33:01"",""5.5"""
"Temperature for Smartbrick 141425,""2022-03-07 18:43:01"",""5.3"""
"Temperature for Smartbrick 141425,""2022-03-07 18:53:02"",""5.2"""
"Temperature for Smartbrick 141425,""2022-03-07 19:03:01"",""5.1"""
"Temperature for Smartbrick 141425,""2022-03-07 19:13:01"",""5"""
"Temperature for Smartbrick 141425,""2022-03-07 19:23:02"",""5"""
"Temperature for Smartbrick 141425,""2022-03-07 19:33:01"",""5"""
"Temperature for Smartbrick 141425,""2022-03-07 19:43:01"",""4.8"""
"Temperature for Smartbrick 141425,""2022-03-07 19:53:01"",""4.8"""
"Temperature for Smartbrick 141425,""2022-03-07 20:03:01"",""4.7"""
"Temperature for Smartbrick 141425,""2022-03-07 20:13:01"",""4.6"""
"Temperature for Smartbrick 141425,""2022-03-07 20:23:03"",""4.5"""
"Temperature for Smartbrick 141425,""2022-03-07 20:33:01"",""4.3"""
"Temperature for Smartbrick 141425,""2022-03-07 20:43:01"",""4.3"""
"Temperature for Smartbrick 141425,""2022-03-07 20:53:01"",""4.3"""
"Temperature for Smartbrick 141425,""2022-03-07 21:03:01"",""4.3"""
"Temperature for Smartbrick 141425,""2022-03-07 21:13:01"",""4.3"""
"Temperature for Smartbrick 141425,""2022-03-07 21:23:01"",""4.2"""
"Temperature for Smartbrick 141425,""2022-03-07 21:33:02"",""4.1"""
"Temperature for Smartbrick 141425,""2022-03-07 21:43:02"",""4.1"""
"Temperature for Smartbrick 141425,""2022-03-07 21:53:01"",""4.1"""
"Temperature for Smartbrick 141425,""2022-03-07 22:03:03"",""4.1"""
"Temperature for Smartbrick 141425,""2022-03-07 22:13:01"",""4"""
"Temperature for Smartbrick 141425,""2022-03-07 22:23:01"",""3.9"""
"Temperature for Smartbrick 141425,""2022-03-07 22:33:01"",""3.9"""
"Temperature for Smartbrick 141425,""2022-03-07 22:43:01"",""3.9"""
"Temperature for Smartbrick 141425,""2022-03-07 22:53:01"",""3.8"""
"Temperature for Smartbrick 141425,""2022-03-07 23:03:01"",""3.8"""
"Temperature for Smartbrick 141425,""2022-03-07 23:13:01"",""3.8"""
"Temperature for Smartbrick 141425,""2022-03-07 23:23:01"",""3.8"""
"Temperature for Smartbrick 141425,""2022-03-07 23:33:01"",""3.8"""
"Temperature for Smartbrick 141425,""2022-03-07 23:43:01"",""3.7"""
"Temperature for Smartbrick 141425,""2022-03-07 23:53:01"",""3.7"""
"Temperature for Smartbrick 141425,""2022-03-08 00:03:01"",""3.6"""
"Temperature for Smartbrick 141425,""2022-03-08 00:13:01"",""3.5"""
"Temperature for Smartbrick 141425,""2022-03-08 00:23:01"",""3.4"""
"Temperature for Smartbrick 141425,""2022-03-08 00:33:01"",""3.3"""
"Temperature for Smartbrick 141425,""2022-03-08 00:43:01"",""3.2"""
"Temperature for Smartbrick 141425,""2022-03-08 00:53:01"",""3.1"""
"Temperature for Smartbrick 141425,""2022-03-08 01:03:01"",""3"""
"Temperature for Smartbrick 141425,""2022-03-08 01:13:01"",""2.9"""
"Temperature for Smartbrick 141425,""2022-03-08 01:23:01"",""2.8"""
"Temperature for Smartbrick 141425,""2022-03-08 01:33:01"",""2.7"""
"Temperature for Smartbrick 141425,""2022-03-08 01:43:01"",""2.6"""
"Temperature for Smartbrick 141425,""2022-03-08 01:53:01"",""2.6"""
"Temperature for Smartbrick 141425,""2022-03-08 02:03:01"",""2.5"""
"Temperature for Smartbrick 141425,""2022-03-08 02:13:01"",""2.5"""
"Temperature for Smartbrick 141425,""2022-03-08 02:23:01"",""2.5"""
"Temperature for Smartbrick 141425,""2022-03-08 02:33:01"",""2.3"""
"Temperature for Smartbrick 141425,""2022-03-08 02:43:03"",""2.3"""
"Temperature for Smartbrick 141425,""2022-03-08 02:53:01"",""2.2"""
"Temperature for Smartbrick 141425,""2022-03-08 03:03:03"",""2.2"""
"Temperature for Smartbrick 141425,""2022-03-08 03:13:01"",""2.1"""
"Temperature for Smartbrick 141425,""2022-03-08 03:23:01"",""1.9"""
"Temperature for Smartbrick 141425,""2022-03-08 03:33:01"",""1.8"""
"Temperature for Smartbrick 141425,""2022-03-08 03:43:01"",""1.7"""
"Temperature for Smartbrick 141425,""2022-03-08 03:53:01"",""1.5"""
"Temperature for Smartbrick 141425,""2022-03-08 04:03:01"",""1.5"""
"Temperature for Smartbrick 141425,""2022-03-08 04:13:01"",""1.4"""
"Temperature for Smartbrick 141425,""2022-03-08 04:23:01"",""1.3"""
"Temperature for Smartbrick 141425,""2022-03-08 04:33:01"",""1.2"""
"Temperature for Smartbrick 141425,""2022-03-08 04:43:01"",""1.2"""
"Temperature for Smartbrick 141425,""2022-03-08 04:53:01"",""1.2"""
"Temperature for Smartbrick 141425,""2022-03-08 05:03:01"",""1.3"""
"Temperature for Smartbrick 141425,""2022-03-08 05:13:02"",""1.3"""
"Temperature for Smartbrick 141425,""2022-03-08 05:23:01"",""1.2"""
"Temperature for Smartbrick 141425,""2022-03-08 05:33:01"",""1.2"""
"Temperature for Smartbrick 141425,""2022-03-08 05:43:01"",""1.2"""
"Temperature for Smartbrick 141425,""2022-03-08 05:53:01"",""1.2"""
"Temperature for Smartbrick 141425,""2022-03-08 06:03:01"",""1.2"""
"Temperature for Smartbrick 141425,""2022-03-08 06:13:01"",""1.2"""
"Temperature for Smartbrick 141425,""2022-03-08 06:23:01"",""1.1"""
"Temperature for Smartbrick 141425,""2022-03-08 06:33:01"",""1.1"""
"Temperature for Smartbrick 141425,""2022-03-08 06:43:01"",""1.1"""
"Temperature for Smartbrick 141425,""2022-03-08 06:53:01"",""1"""
"Temperature for Smartbrick 141425,""2022-03-08 07:03:01"",""1"""
"Temperature for Smartbrick 141425,""2022-03-08 07:13:01"",""1"""
"Temperature for Smartbrick 141425,""2022-03-08 07:23:01"",""1"""
"Temperature for Smartbrick 141425,""2022-03-08 07:33:01"",""0.9"""
"Temperature for Smartbrick 141425,""2022-03-08 07:43:01"",""1"""
"Temperature for Smartbrick 141425,""2022-03-08 07:53:01"",""1"""
"Temperature for Smartbrick 141425,""2022-03-08 08:03:01"",""1.1"""
"Temperature for Smartbrick 141425,""2022-03-08 08:13:01"",""1.2"""
"Temperature for Smartbrick 141425,""2022-03-08 08:23:01"",""1.4"""
"Temperature for Smartbrick 141425,""2022-03-08 08:33:01"",""1.5"""
"Temperature for Smartbrick 141425,""2022-03-08 08:43:01"",""1.7"""
"Temperature for Smartbrick 141425,""2022-03-08 08:53:01"",""1.8"""
"Temperature for Smartbrick 141425,""2022-03-08 09:03:02"",""2.4"""
"Temperature for Smartbrick 141425,""2022-03-08 09:13:02"",""2.9"""
"Temperature for Smartbrick 141425,""2022-03-08 09:23:01"",""3.3"""
"Temperature for Smartbrick 141425,""2022-03-08 09:33:01"",""3.5"""
"Temperature for Smartbrick 141425,""2022-03-08 09:43:01"",""3.8"""
"Temperature for Smartbrick 141425,""2022-03-08 09:53:01"",""4.1"""
"Temperature for Smartbrick 141425,""2022-03-08 10:03:01"",""4.3"""
"Temperature for Smartbrick 141425,""2022-03-08 10:13:01"",""4.5"""
"Temperature for Smartbrick 141425,""2022-03-08 10:23:01"",""4.7"""
"Temperature for Smartbrick 141425,""2022-03-08 10:33:01"",""4.9"""
"Temperature for Smartbrick 141425,""2022-03-08 10:43:01"",""5.2"""
"Temperature for Smartbrick 141425,""2022-03-08 10:53:01"",""5.4"""
"Temperature for Smartbrick 141425,""2022-03-08 11:03:01"",""5.6"""
"Temperature for Smartbrick 141425,""2022-03-08 11:13:02"",""5.7"""
"Temperature for Smartbrick 141425,""2022-03-08 11:23:01"",""5.9"""
"Temperature for Smartbrick 141425,""2022-03-08 11:33:02"",""6"""
"Temperature for Smartbrick 141425,""2022-03-08 11:43:01"",""6.1"""
"Temperature for Smartbrick 141425,""2022-03-08 11:53:01"",""6.2"""
"Temperature for Smartbrick 141425,""2022-03-08 12:03:01"",""6.4"""
"Temperature for Smartbrick 141425,""2022-03-08 12:13:04"",""6.6"""
"Temperature for Smartbrick 141425,""2022-03-08 12:23:01"",""6.7"""
"Temperature for Smartbrick 141425,""2022-03-08 12:33:01"",""6.9"""
"Temperature for Smartbrick 141425,""2022-03-08 12:43:01"",""7.1"""
"Temperature for Smartbrick 141425,""2022-03-08 12:53:01"",""7.2"""
"Temperature for Smartbrick 141425,""2022-03-08 13:03:02"",""7.3"""
"Temperature for Smartbrick 141425,""2022-03-08 13:13:01"",""7.5"""
"Temperature for Smartbrick 141425,""2022-03-08 13:23:01"",""7.7"""
"Temperature for Smartbrick 141425,""2022-03-08 13:33:01"",""8"""
"Temperature for Smartbrick 141425,""2022-03-08 13:43:02"",""8.2"""
"Temperature for Smartbrick 141425,""2022-03-08 13:53:01"",""8.3"""
"Temperature for Smartbrick 141425,""2022-03-08 14:03:01"",""8.4"""
"Temperature for Smartbrick 141425,""2022-03-08 14:13:01"",""8.5"""
"Temperature for Smartbrick 141425,""2022-03-08 14:23:01"",""8.5"""
"Temperature for Smartbrick 141425,""2022-03-08 14:33:01"",""8.6"""
"Temperature for Smartbrick 141425,""2022-03-08 14:43:01"",""8.6"""
"Temperature for Smartbrick 141425,""2022-03-08 14:53:01"",""8.7"""
"Temperature for Smartbrick 141425,""2022-03-08 15:03:01"",""8.7"""
"Temperature for Smartbrick 141425,""2022-03-08 15:13:04"",""8.8"""
"Temperature for Smartbrick 141425,""2022-03-08 15:23:01"",""8.8"""
"Temperature for Smartbrick 141425,""2022-03-08 15:33:01"",""8.8"""
"Temperature for Smartbrick 141425,""2022-03-08 15:43:05"",""8.8"""
"Temperature for Smartbrick 141425,""2022-03-08 15:53:01"",""8.9"""
"Temperature for Smartbrick 141425,""2022-03-08 16:03:01"",""9"""
"Temperature for Smartbrick 141425,""2022-03-08 16:13:00"",""9"""
"Temperature for Smartbrick 141425,""2022-03-08 16:23:00"",""9"""
"Temperature for Smartbrick 141425,""2022-03-08 16:33:00"",""9"""
"Temperature for Smartbrick 141425,""2022-03-08 16:43:01"",""9"""
"Temperature for Smartbrick 141425,""2022-03-08 16:53:01"",""9"""
"Temperature for Smartbrick 141425,""2022-03-08 17:03:01"",""8.9"""
"Temperature for Smartbrick 141425,""2022-03-08 17:13:01"",""8.9"""
"Temperature for Smartbrick 141425,""2022-03-08 17:23:00"",""8.8"""
"Temperature for Smartbrick 141425,""2022-03-08 17:33:00"",""8.7"""
"Temperature for Smartbrick 141425,""2022-03-08 17:43:00"",""8.6"""
"Temperature for Smartbrick 141425,""2022-03-08 17:53:01"",""8.5"""
"Temperature for Smartbrick 141425,""2022-03-08 18:03:01"",""8.5"""
"Temperature for Smartbrick 141425,""2022-03-08 18:13:01"",""8.3"""
"Temperature for Smartbrick 141425,""2022-03-08 18:23:00"",""8.1"""
"Temperature for Smartbrick 141425,""2022-03-08 18:33:01"",""8"""
"Temperature for Smartbrick 141425,""2022-03-08 18:43:01"",""7.8"""
"Temperature for Smartbrick 141425,""2022-03-08 18:53:01"",""7.7"""
"Temperature for Smartbrick 141425,""2022-03-08 19:03:00"",""7.5"""
"Temperature for Smartbrick 141425,""2022-03-08 19:13:00"",""7.3"""
"Temperature for Smartbrick 141425,""2022-03-08 19:23:00"",""7.2"""
"Temperature for Smartbrick 141425,""2022-03-08 19:33:00"",""7.1"""
"Temperature for Smartbrick 141425,""2022-03-08 19:43:00"",""6.9"""
"Temperature for Smartbrick 141425,""2022-03-08 19:53:01"",""6.8"""
"Temperature for Smartbrick 141425,""2022-03-08 20:03:01"",""6.7"""
"Temperature for Smartbrick 141425,""2022-03-08 20:13:01"",""6.7"""
"Temperature for Smartbrick 141425,""2022-03-08 20:23:00"",""6.6"""
"Temperature for Smartbrick 141425,""2022-03-08 20:33:01"",""6.6"""
"Temperature for Smartbrick 141425,""2022-03-08 20:43:00"",""6.5"""
"Temperature for Smartbrick 141425,""2022-03-08 20:53:00"",""6.3"""
"Temperature for Smartbrick 141425,""2022-03-08 21:03:00"",""6.1"""
"Temperature for Smartbrick 141425,""2022-03-08 21:13:00"",""5.8"""
"Temperature for Smartbrick 141425,""2022-03-08 21:23:01"",""5.7"""
"Temperature for Smartbrick 141425,""2022-03-08 21:33:01"",""5.6"""
"Temperature for Smartbrick 141425,""2022-03-08 21:43:01"",""5.4"""
"Temperature for Smartbrick 141425,""2022-03-08 21:53:00"",""5.3"""
"Temperature for Smartbrick 141425,""2022-03-08 22:03:00"",""5.2"""
"Temperature for Smartbrick 141425,""2022-03-08 22:13:00"",""5.1"""
"Temperature for Smartbrick 141425,""2022-03-08 22:23:00"",""5.1"""
"Temperature for Smartbrick 141425,""2022-03-08 22:33:01"",""5"""
"Temperature for Smartbrick 141425,""2022-03-08 22:43:00"",""4.9"""
"Temperature for Smartbrick 141425,""2022-03-08 22:53:00"",""4.8"""
"Temperature for Smartbrick 141425,""2022-03-08 23:03:01"",""4.7"""
"Temperature for Smartbrick 141425,""2022-03-08 23:13:01"",""4.6"""
"Temperature for Smartbrick 141425,""2022-03-08 23:23:01"",""4.6"""
"Temperature for Smartbrick 141425,""2022-03-08 23:33:00"",""4.5"""
"Temperature for Smartbrick 141425,""2022-03-08 23:43:01"",""4.6"""
"Temperature for Smartbrick 141425,""2022-03-08 23:53:00"",""4.5"""
"Temperature for Smartbrick 141425,""2022-03-09 00:03:00"",""4.5"""
"Temperature for Smartbrick 141425,""2022-03-09 00:13:00"",""4.5"""
"Temperature for Smartbrick 141425,""2022-03-09 00:23:01"",""4.5"""
"Temperature for Smartbrick 141425,""2022-03-09 00:33:00"",""4.3"""
"Temperature for Smartbrick 141425,""2022-03-09 00:43:00"",""4.2"""
"Temperature for Smartbrick 141425,""2022-03-09 00:53:00"",""4.1"""
"Temperature for Smartbrick 141425,""2022-03-09 01:03:00"",""3.9"""
"Temperature for Smartbrick 141425,""2022-03-09 01:13:00"",""3.9"""
"Temperature for Smartbrick 141425,""2022-03-09 01:23:01"",""3.9"""
"Temperature for Smartbrick 141425,""2022-03-09 01:33:00"",""3.8"""
"Temperature for Smartbrick 141425,""2022-03-09 01:43:00"",""3.8"""
"Temperature for Smartbrick 141425,""2022-03-09 01:53:00"",""3.7"""
"Temperature for Smartbrick 141425,""2022-03-09 02:03:00"",""3.7"""
"Temperature for Smartbrick 141425,""2022-03-09 02:13:00"",""3.6"""
"Temperature for Smartbrick 141425,""2022-03-09 02:23:01"",""3.5"""
"Temperature for Smartbrick 141425,""2022-03-09 02:33:00"",""3.5"""
"Temperature for Smartbrick 141425,""2022-03-09 02:43:00"",""3.4"""
"Temperature for Smartbrick 141425,""2022-03-09 02:53:00"",""3.5"""
"Temperature for Smartbrick 141425,""2022-03-09 03:03:01"",""3.5"""
"Temperature for Smartbrick 141425,""2022-03-09 03:13:00"",""3.4"""
"Temperature for Smartbrick 141425,""2022-03-09 03:23:00"",""3.3"""
"Temperature for Smartbrick 141425,""2022-03-09 03:33:00"",""3.3"""
"Temperature for Smartbrick 141425,""2022-03-09 03:43:01"",""3.3"""
"Temperature for Smartbrick 141425,""2022-03-09 03:53:00"",""3.2"""
"Temperature for Smartbrick 141425,""2022-03-09 04:03:00"",""3"""
"Temperature for Smartbrick 141425,""2022-03-09 04:13:00"",""2.9"""
"Temperature for Smartbrick 141425,""2022-03-09 04:23:01"",""2.9"""
"Temperature for Smartbrick 141425,""2022-03-09 04:33:00"",""2.9"""
"Temperature for Smartbrick 141425,""2022-03-09 04:43:00"",""2.7"""
"Temperature for Smartbrick 141425,""2022-03-09 04:53:00"",""2.5"""
"Temperature for Smartbrick 141425,""2022-03-09 05:03:00"",""2.3"""
"Temperature for Smartbrick 141425,""2022-03-09 05:13:00"",""2.1"""
"Temperature for Smartbrick 141425,""2022-03-09 05:23:00"",""1.9"""
"Temperature for Smartbrick 141425,""2022-03-09 05:33:01"",""1.8"""
"Temperature for Smartbrick 141425,""2022-03-09 05:43:00"",""1.7"""
"Temperature for Smartbrick 141425,""2022-03-09 05:53:00"",""1.7"""
"Temperature for Smartbrick 141425,""2022-03-09 06:03:00"",""1.6"""
"Temperature for Smartbrick 141425,""2022-03-09 06:13:00"",""1.5"""
"Temperature for Smartbrick 141425,""2022-03-09 06:23:00"",""1.4"""
"Temperature for Smartbrick 141425,""2022-03-09 06:33:01"",""1.4"""
"Temperature for Smartbrick 141425,""2022-03-09 06:43:00"",""1.3"""
"Temperature for Smartbrick 141425,""2022-03-09 06:53:02"",""1.2"""
"Temperature for Smartbrick 141425,""2022-03-09 07:03:00"",""1.2"""
"Temperature for Smartbrick 141425,""2022-03-09 07:13:00"",""1.1"""
"Temperature for Smartbrick 141425,""2022-03-09 07:23:01"",""1.2"""
"Temperature for Smartbrick 141425,""2022-03-09 07:33:00"",""1.2"""
"Temperature for Smartbrick 141425,""2022-03-09 07:43:00"",""1.3"""
"Temperature for Smartbrick 141425,""2022-03-09 07:53:00"",""1.4"""
"Temperature for Smartbrick 141425,""2022-03-09 08:03:00"",""1.6"""
"Temperature for Smartbrick 141425,""2022-03-09 08:13:00"",""1.8"""
"Temperature for Smartbrick 141425,""2022-03-09 08:23:00"",""2"""
"Temperature for Smartbrick 141425,""2022-03-09 08:33:00"",""2.2"""
"Temperature for Smartbrick 141425,""2022-03-09 08:43:00"",""2.5"""
"Temperature for Smartbrick 141425,""2022-03-09 08:53:00"",""2.8"""
"Temperature for Smartbrick 141425,""2022-03-09 09:03:00"",""3.5"""
"Temperature for Smartbrick 141425,""2022-03-09 09:13:01"",""4.1"""
"Temperature for Smartbrick 141425,""2022-03-09 09:23:00"",""4.5"""
"Temperature for Smartbrick 141425,""2022-03-09 09:33:00"",""4.8"""
"Temperature for Smartbrick 141425,""2022-03-09 09:43:00"",""5"""
"Temperature for Smartbrick 141425,""2022-03-09 09:53:00"",""5.2"""
"Temperature for Smartbrick 141425,""2022-03-09 10:03:00"",""5.3"""
"Temperature for Smartbrick 141425,""2022-03-09 10:13:01"",""5.5"""
"Temperature for Smartbrick 141425,""2022-03-09 10:23:00"",""5.6"""
"Temperature for Smartbrick 141425,""2022-03-09 10:33:01"",""5.8"""
"Temperature for Smartbrick 141425,""2022-03-09 10:43:00"",""6.1"""
"Temperature for Smartbrick 141425,""2022-03-09 10:53:00"",""6.3"""
"Temperature for Smartbrick 141425,""2022-03-09 11:03:00"",""6.6"""
"Temperature for Smartbrick 141425,""2022-03-09 11:13:00"",""6.7"""
"Temperature for Smartbrick 141425,""2022-03-09 11:23:00"",""6.8"""
"Temperature for Smartbrick 141425,""2022-03-09 11:33:00"",""7"""
"Temperature for Smartbrick 141425,""2022-03-09 11:43:00"",""7.3"""
"Temperature for Smartbrick 141425,""2022-03-09 11:53:00"",""7.5"""
"Temperature for Smartbrick 141425,""2022-03-09 12:03:00"",""7.8"""
"Temperature for Smartbrick 141425,""2022-03-09 12:23:00"",""8.3"""
"Temperature for Smartbrick 141425,""2022-03-09 12:33:00"",""8.3"""
"Temperature for Smartbrick 141425,""2022-03-09 12:43:00"",""8.5"""
"Temperature for Smartbrick 141425,""2022-03-09 12:53:01"",""8.7"""
"Temperature for Smartbrick 141425,""2022-03-09 13:03:02"",""8.8"""
"Temperature for Smartbrick 141425,""2022-03-09 13:13:00"",""9"""
"Temperature for Smartbrick 141425,""2022-03-09 13:23:00"",""9.1"""
"Temperature for Smartbrick 141425,""2022-03-09 13:33:00"",""9.2"""
"Temperature for Smartbrick 141425,""2022-03-09 13:43:00"",""9.4"""
"Temperature for Smartbrick 141425,""2022-03-09 13:53:00"",""9.5"""
"Temperature for Smartbrick 141425,""2022-03-09 14:03:00"",""9.7"""
"Temperature for Smartbrick 141425,""2022-03-09 14:13:00"",""10"""
"Temperature for Smartbrick 141425,""2022-03-09 14:23:00"",""10.1"""
"Temperature for Smartbrick 141425,""2022-03-09 14:33:00"",""10.2"""
"Temperature for Smartbrick 141425,""2022-03-09 14:43:00"",""10.3"""
"Temperature for Smartbrick 141425,""2022-03-09 14:53:00"",""10.4"""
"Temperature for Smartbrick 141425,""2022-03-09 15:03:00"",""10.5"""
"Temperature for Smartbrick 141425,""2022-03-09 15:13:00"",""10.6"""
"Temperature for Smartbrick 141425,""2022-03-09 15:23:01"",""10.6"""
"Temperature for Smartbrick 141425,""2022-03-09 15:33:02"",""10.6"""
"Temperature for Smartbrick 141425,""2022-03-09 15:43:00"",""10.9"""
"Temperature for Smartbrick 141425,""2022-03-09 15:53:00"",""10.9"""
"Temperature for Smartbrick 141425,""2022-03-09 16:03:01"",""11"""
"Temperature for Smartbrick 141425,""2022-03-09 16:13:06"",""11"""
"Temperature for Smartbrick 141425,""2022-03-09 16:23:00"",""10.9"""
"Temperature for Smartbrick 141425,""2022-03-09 16:33:00"",""10.9"""
"Temperature for Smartbrick 141425,""2022-03-09 16:43:02"",""10.9"""
"Temperature for Smartbrick 141425,""2022-03-09 16:53:00"",""10.9"""
"Temperature for Smartbrick 141425,""2022-03-09 17:03:00"",""10.9"""
"Temperature for Smartbrick 141425,""2022-03-09 17:13:00"",""10.9"""
"Temperature for Smartbrick 141425,""2022-03-09 17:23:00"",""10.8"""
"Temperature for Smartbrick 141425,""2022-03-09 17:33:00"",""10.7"""
"Temperature for Smartbrick 141425,""2022-03-09 17:43:00"",""10.6"""
"Temperature for Smartbrick 141425,""2022-03-09 17:53:00"",""10.5"""
"Temperature for Smartbrick 141425,""2022-03-09 18:03:01"",""10.3"""
"Temperature for Smartbrick 141425,""2022-03-09 18:13:00"",""10.1"""
"Temperature for Smartbrick 141425,""2022-03-09 18:23:01"",""9.8"""
"Temperature for Smartbrick 141425,""2022-03-09 18:33:00"",""9.5"""
"Temperature for Smartbrick 141425,""2022-03-09 18:43:00"",""9.2"""
"Temperature for Smartbrick 141425,""2022-03-09 18:53:00"",""8.9"""
"Temperature for Smartbrick 141425,""2022-03-09 19:03:00"",""8.7"""
"Temperature for Smartbrick 141425,""2022-03-09 19:13:00"",""8.5"""
"Temperature for Smartbrick 141425,""2022-03-09 19:23:00"",""8.3"""
"Temperature for Smartbrick 141425,""2022-03-09 19:33:00"",""8.2"""
"Temperature for Smartbrick 141425,""2022-03-09 19:43:00"",""8"""
"Temperature for Smartbrick 141425,""2022-03-09 19:53:00"",""7.9"""
"Temperature for Smartbrick 141425,""2022-03-09 20:03:01"",""7.9"""
"Temperature for Smartbrick 141425,""2022-03-09 20:13:00"",""7.8"""
"Temperature for Smartbrick 141425,""2022-03-09 20:23:00"",""7.8"""
"Temperature for Smartbrick 141425,""2022-03-09 20:33:00"",""7.8"""
"Temperature for Smartbrick 141425,""2022-03-09 20:43:00"",""7.8"""
"Temperature for Smartbrick 141425,""2022-03-09 20:53:00"",""7.7"""
"Temperature for Smartbrick 141425,""2022-03-09 21:03:00"",""7.5"""
"Temperature for Smartbrick 141425,""2022-03-09 21:13:00"",""7.5"""
"Temperature for Smartbrick 141425,""2022-03-09 21:23:00"",""7.4"""
"Temperature for Smartbrick 141425,""2022-03-09 21:33:00"",""7.3"""
"Temperature for Smartbrick 141425,""2022-03-09 21:43:00"",""7.2"""
"Temperature for Smartbrick 141425,""2022-03-09 21:53:01"",""7.1"""
"Temperature for Smartbrick 141425,""2022-03-09 22:03:00"",""7.1"""
"Temperature for Smartbrick 141425,""2022-03-09 22:13:00"",""7.1"""
"Temperature for Smartbrick 141425,""2022-03-09 22:23:00"",""7.1"""
"Temperature for Smartbrick 141425,""2022-03-09 22:33:00"",""7.1"""
"Temperature for Smartbrick 141425,""2022-03-09 22:43:00"",""7.2"""
"Temperature for Smartbrick 141425,""2022-03-09 22:53:00"",""7.2"""
"Temperature for Smartbrick 141425,""2022-03-09 23:03:00"",""7.1"""
"Temperature for Smartbrick 141425,""2022-03-09 23:13:00"",""6.8"""
"Temperature for Smartbrick 141425,""2022-03-09 23:23:00"",""6.9"""
"Temperature for Smartbrick 141425,""2022-03-09 23:32:59"",""6.8"""
"Temperature for Smartbrick 141425,""2022-03-09 23:43:00"",""6.6"""
"Temperature for Smartbrick 141425,""2022-03-09 23:52:59"",""6.5"""
"Temperature for Smartbrick 141425,""2022-03-10 00:02:59"",""6.4"""
"Temperature for Smartbrick 141425,""2022-03-10 00:13:00"",""6.2"""
"Temperature for Smartbrick 141425,""2022-03-10 00:22:59"",""6"""
"Temperature for Smartbrick 141425,""2022-03-10 00:33:00"",""5.8"""
"Temperature for Smartbrick 141425,""2022-03-10 00:43:00"",""5.6"""
"Temperature for Smartbrick 141425,""2022-03-10 00:53:00"",""5.5"""
"Temperature for Smartbrick 141425,""2022-03-10 01:03:00"",""5.4"""
"Temperature for Smartbrick 141425,""2022-03-10 01:13:00"",""5.2"""
"Temperature for Smartbrick 141425,""2022-03-10 01:22:59"",""5.1"""
"Temperature for Smartbrick 141425,""2022-03-10 01:32:59"",""5.1"""
"Temperature for Smartbrick 141425,""2022-03-10 01:43:00"",""5.1"""
"Temperature for Smartbrick 141425,""2022-03-10 01:53:00"",""5.1"""
"Temperature for Smartbrick 141425,""2022-03-10 02:03:00"",""5.2"""
"Temperature for Smartbrick 141425,""2022-03-10 02:12:59"",""5.1"""
"Temperature for Smartbrick 141425,""2022-03-10 02:22:59"",""5"""
"Temperature for Smartbrick 141425,""2022-03-10 02:32:59"",""4.8"""
"Temperature for Smartbrick 141425,""2022-03-10 02:43:00"",""4.6"""
"Temperature for Smartbrick 141425,""2022-03-10 02:53:00"",""4.5"""
"Temperature for Smartbrick 141425,""2022-03-10 03:03:00"",""4.4"""
"Temperature for Smartbrick 141425,""2022-03-10 03:12:59"",""4.3"""
"Temperature for Smartbrick 141425,""2022-03-10 03:23:00"",""4.3"""
"Temperature for Smartbrick 141425,""2022-03-10 03:33:00"",""4.2"""
"Temperature for Smartbrick 141425,""2022-03-10 03:43:01"",""4.1"""
"Temperature for Smartbrick 141425,""2022-03-10 03:53:00"",""4"""
"Temperature for Smartbrick 141425,""2022-03-10 04:02:59"",""3.9"""
"Temperature for Smartbrick 141425,""2022-03-10 04:13:00"",""3.8"""
"Temperature for Smartbrick 141425,""2022-03-10 04:22:59"",""3.7"""
"Temperature for Smartbrick 141425,""2022-03-10 04:32:59"",""3.6"""
"Temperature for Smartbrick 141425,""2022-03-10 04:43:00"",""3.6"""
"Temperature for Smartbrick 141425,""2022-03-10 04:53:00"",""3.5"""
"Temperature for Smartbrick 141425,""2022-03-10 05:02:59"",""3.4"""
"Temperature for Smartbrick 141425,""2022-03-10 05:13:00"",""3.4"""
"Temperature for Smartbrick 141425,""2022-03-10 05:22:59"",""3.3"""
"Temperature for Smartbrick 141425,""2022-03-10 05:32:59"",""3.2"""
"Temperature for Smartbrick 141425,""2022-03-10 05:43:00"",""3.2"""
"Temperature for Smartbrick 141425,""2022-03-10 05:53:00"",""3.1"""
"Temperature for Smartbrick 141425,""2022-03-10 06:02:59"",""3"""
"Temperature for Smartbrick 141425,""2022-03-10 06:12:59"",""3"""
"Temperature for Smartbrick 141425,""2022-03-10 06:22:59"",""2.8"""
"Temperature for Smartbrick 141425,""2022-03-10 06:32:59"",""2.8"""
"Temperature for Smartbrick 141425,""2022-03-10 06:43:00"",""2.8"""
"Temperature for Smartbrick 141425,""2022-03-10 06:52:59"",""2.8"""
"Temperature for Smartbrick 141425,""2022-03-10 07:02:59"",""2.7"""
"Temperature for Smartbrick 141425,""2022-03-10 07:12:59"",""2.6"""
"Temperature for Smartbrick 141425,""2022-03-10 07:22:59"",""2.6"""
"Temperature for Smartbrick 141425,""2022-03-10 07:32:59"",""2.7"""
"Temperature for Smartbrick 141425,""2022-03-10 07:43:00"",""2.8"""
"Temperature for Smartbrick 141425,""2022-03-10 07:53:00"",""3"""
"Temperature for Smartbrick 141425,""2022-03-10 08:02:59"",""3.1"""
"Temperature for Smartbrick 141425,""2022-03-10 08:13:00"",""3.4"""
"Temperature for Smartbrick 141425,""2022-03-10 08:23:00"",""3.6"""
"Temperature for Smartbrick 141425,""2022-03-10 08:33:00"",""3.9"""
"Temperature for Smartbrick 141425,""2022-03-10 08:42:59"",""4.3"""
"Temperature for Smartbrick 141425,""2022-03-10 08:52:59"",""4.6"""
"Temperature for Smartbrick 141425,""2022-03-10 09:02:59"",""5.4"""
"Temperature for Smartbrick 141425,""2022-03-10 09:12:59"",""5.9"""
"Temperature for Smartbrick 141425,""2022-03-10 09:22:59"",""6.3"""
"Temperature for Smartbrick 141425,""2022-03-10 09:33:00"",""6.7"""
"Temperature for Smartbrick 141425,""2022-03-10 09:42:59"",""7"""
"Temperature for Smartbrick 141425,""2022-03-10 09:52:59"",""7.2"""
"Temperature for Smartbrick 141425,""2022-03-10 10:02:59"",""7.4"""
"Temperature for Smartbrick 141425,""2022-03-10 10:12:59"",""7.4"""
"Temperature for Smartbrick 141425,""2022-03-10 10:23:00"",""7.5"""
"Temperature for Smartbrick 141425,""2022-03-10 10:33:00"",""7.6"""
"Temperature for Smartbrick 141425,""2022-03-10 10:42:59"",""7.8"""
"Temperature for Smartbrick 141425,""2022-03-10 10:53:00"",""8"""
"Temperature for Smartbrick 141425,""2022-03-10 11:02:59"",""8.3"""
"Temperature for Smartbrick 141425,""2022-03-10 11:12:59"",""8.5"""
"Temperature for Smartbrick 141425,""2022-03-10 11:22:59"",""8.7"""
"Temperature for Smartbrick 141425,""2022-03-10 11:33:00"",""8.9"""
"Temperature for Smartbrick 141425,""2022-03-10 11:42:59"",""9.1"""
"Temperature for Smartbrick 141425,""2022-03-10 11:52:59"",""9.4"""
"Temperature for Smartbrick 141425,""2022-03-10 12:02:59"",""9.6"""
"Temperature for Smartbrick 141425,""2022-03-10 12:13:00"",""9.9"""
"Temperature for Smartbrick 141425,""2022-03-10 12:22:59"",""10"""
"Temperature for Smartbrick 141425,""2022-03-10 12:32:59"",""10.2"""
"Temperature for Smartbrick 141425,""2022-03-10 12:42:59"",""10.4"""
"Temperature for Smartbrick 141425,""2022-03-10 12:52:59"",""10.5"""
"Temperature for Smartbrick 141425,""2022-03-10 13:02:59"",""10.7"""
"Temperature for Smartbrick 141425,""2022-03-10 13:13:01"",""10.9"""
"Temperature for Smartbrick 141425,""2022-03-10 13:22:59"",""11.2"""
"Temperature for Smartbrick 141425,""2022-03-10 13:32:59"",""11.4"""
"Temperature for Smartbrick 141425,""2022-03-10 13:42:59"",""11.6"""
"Temperature for Smartbrick 141425,""2022-03-10 13:53:00"",""11.8"""
"Temperature for Smartbrick 141425,""2022-03-10 14:02:59"",""12"""
"Temperature for Smartbrick 141425,""2022-03-10 14:12:59"",""12.1"""
"Temperature for Smartbrick 141425,""2022-03-10 14:23:01"",""12.2"""
"Temperature for Smartbrick 141425,""2022-03-10 14:33:01"",""12.3"""
"Temperature for Smartbrick 141425,""2022-03-10 14:42:59"",""12.3"""
"Temperature for Smartbrick 141425,""2022-03-10 14:52:59"",""12.3"""
"Temperature for Smartbrick 141425,""2022-03-10 15:02:59"",""12.4"""
"Temperature for Smartbrick 141425,""2022-03-10 15:12:59"",""12.4"""
"Temperature for Smartbrick 141425,""2022-03-10 15:22:59"",""12.5"""
"Temperature for Smartbrick 141425,""2022-03-10 15:32:59"",""12.5"""
"Temperature for Smartbrick 141425,""2022-03-10 15:43:00"",""12.6"""
"Temperature for Smartbrick 141425,""2022-03-10 15:53:00"",""12.6"""
"Temperature for Smartbrick 141425,""2022-03-10 16:02:59"",""12.7"""
"Temperature for Smartbrick 141425,""2022-03-10 16:12:59"",""12.7"""
"Temperature for Smartbrick 141425,""2022-03-10 16:22:59"",""12.8"""
"Temperature for Smartbrick 141425,""2022-03-10 16:32:59"",""12.9"""
"Temperature for Smartbrick 141425,""2022-03-10 16:42:59"",""12.9"""
"Temperature for Smartbrick 141425,""2022-03-10 16:52:59"",""12.8"""
"Temperature for Smartbrick 141425,""2022-03-10 17:02:59"",""12.9"""
"Temperature for Smartbrick 141425,""2022-03-10 17:12:59"",""12.8"""
"Temperature for Smartbrick 141425,""2022-03-10 17:23:02"",""12.6"""
"Temperature for Smartbrick 141425,""2022-03-10 17:32:59"",""12.5"""
"Temperature for Smartbrick 141425,""2022-03-10 17:43:00"",""12.5"""
"Temperature for Smartbrick 141425,""2022-03-10 17:53:03"",""12.2"""
"Temperature for Smartbrick 141425,""2022-03-10 18:02:59"",""12.1"""
"Temperature for Smartbrick 141425,""2022-03-10 18:12:59"",""11.9"""
"Temperature for Smartbrick 141425,""2022-03-10 18:23:00"",""11.7"""
"Temperature for Smartbrick 141425,""2022-03-10 18:32:59"",""11.5"""
"Temperature for Smartbrick 141425,""2022-03-10 18:42:59"",""11.3"""
"Temperature for Smartbrick 141425,""2022-03-10 18:52:59"",""11"""
"Temperature for Smartbrick 141425,""2022-03-10 19:02:59"",""10.7"""
"Temperature for Smartbrick 141425,""2022-03-10 19:12:59"",""10.5"""
"Temperature for Smartbrick 141425,""2022-03-10 19:22:59"",""10.3"""
"Temperature for Smartbrick 141425,""2022-03-10 19:32:59"",""10.1"""
"Temperature for Smartbrick 141425,""2022-03-10 19:42:59"",""10"""
"Temperature for Smartbrick 141425,""2022-03-10 19:53:00"",""9.8"""
"Temperature for Smartbrick 141425,""2022-03-10 20:02:59"",""9.6"""
"Temperature for Smartbrick 141425,""2022-03-10 20:12:59"",""9.6"""
"Temperature for Smartbrick 141425,""2022-03-10 20:22:59"",""9.7"""
"Temperature for Smartbrick 141425,""2022-03-10 20:32:59"",""9.7"""
"Temperature for Smartbrick 141425,""2022-03-10 20:42:59"",""9.7"""
"Temperature for Smartbrick 141425,""2022-03-10 20:52:59"",""9.5"""
"Temperature for Smartbrick 141425,""2022-03-10 21:02:59"",""9.4"""
"Temperature for Smartbrick 141425,""2022-03-10 21:12:59"",""9.2"""
"Temperature for Smartbrick 141425,""2022-03-10 21:22:59"",""9.1"""
"Temperature for Smartbrick 141425,""2022-03-10 21:32:59"",""9.1"""
"Temperature for Smartbrick 141425,""2022-03-10 21:42:59"",""9"""
"Temperature for Smartbrick 141425,""2022-03-10 21:52:59"",""9"""
"Temperature for Smartbrick 141425,""2022-03-10 22:03:00"",""8.9"""
"Temperature for Smartbrick 141425,""2022-03-10 22:12:59"",""8.9"""
"Temperature for Smartbrick 141425,""2022-03-10 22:22:59"",""8.9"""
"Temperature for Smartbrick 141425,""2022-03-10 22:32:59"",""8.9"""
"Temperature for Smartbrick 141425,""2022-03-10 22:42:59"",""8.8"""
"Temperature for Smartbrick 141425,""2022-03-10 22:52:59"",""8.7"""
"Temperature for Smartbrick 141425,""2022-03-10 23:02:59"",""8.5"""
"Temperature for Smartbrick 141425,""2022-03-10 23:12:59"",""8.4"""
"Temperature for Smartbrick 141425,""2022-03-10 23:22:59"",""8.2"""
"Temperature for Smartbrick 141425,""2022-03-10 23:32:59"",""8.1"""
"Temperature for Smartbrick 141425,""2022-03-10 23:42:59"",""8"""
"Temperature for Smartbrick 141425,""2022-03-10 23:53:00"",""7.9"""
"Temperature for Smartbrick 141425,""2022-03-11 00:02:59"",""7.9"""
"Temperature for Smartbrick 141425,""2022-03-11 00:12:59"",""7.8"""
"Temperature for Smartbrick 141425,""2022-03-11 00:22:59"",""7.7"""
"Temperature for Smartbrick 141425,""2022-03-11 00:32:59"",""7.6"""
"Temperature for Smartbrick 141425,""2022-03-11 00:42:59"",""7.6"""
"Temperature for Smartbrick 141425,""2022-03-11 00:53:00"",""7.5"""
"Temperature for Smartbrick 141425,""2022-03-11 01:02:59"",""7.4"""
"Temperature for Smartbrick 141425,""2022-03-11 01:12:59"",""7.2"""
"Temperature for Smartbrick 141425,""2022-03-11 01:22:59"",""7"""
"Temperature for Smartbrick 141425,""2022-03-11 01:32:59"",""6.8"""
"Temperature for Smartbrick 141425,""2022-03-11 01:42:59"",""6.8"""
"Temperature for Smartbrick 141425,""2022-03-11 01:52:59"",""6.8"""
"Temperature for Smartbrick 141425,""2022-03-11 03:33:37"",""6.7"""
"Temperature for Smartbrick 141425,""2022-03-11 03:43:28"",""6.2"""
"Temperature for Smartbrick 141425,""2022-03-11 03:53:28"",""6.1"""
"Temperature for Smartbrick 141425,""2022-03-11 04:03:28"",""6"""
"Temperature for Smartbrick 141425,""2022-03-11 04:13:28"",""5.9"""
"Temperature for Smartbrick 141425,""2022-03-11 05:54:01"",""5.5"""
"Temperature for Smartbrick 141425,""2022-03-11 06:03:58"",""5.1"""
"Temperature for Smartbrick 141425,""2022-03-11 06:13:58"",""5"""
"Temperature for Smartbrick 141425,""2022-03-11 06:24:00"",""5"""
"Temperature for Smartbrick 141425,""2022-03-11 06:33:58"",""4.9"""
"Temperature for Smartbrick 141425,""2022-03-11 06:43:58"",""4.9"""
"Temperature for Smartbrick 141425,""2022-03-11 06:53:59"",""4.9"""
"Temperature for Smartbrick 141425,""2022-03-11 07:03:58"",""5"""
"Temperature for Smartbrick 141425,""2022-03-11 07:13:58"",""5.1"""
"Temperature for Smartbrick 141425,""2022-03-11 07:23:59"",""5.2"""
"Temperature for Smartbrick 141425,""2022-03-11 07:33:58"",""5.4"""
"Temperature for Smartbrick 141425,""2022-03-11 07:43:58"",""5.5"""
"Temperature for Smartbrick 141425,""2022-03-11 07:53:58"",""5.6"""
"Temperature for Smartbrick 141425,""2022-03-11 08:03:58"",""5.7"""
"Temperature for Smartbrick 141425,""2022-03-11 08:13:58"",""5.8"""
"Temperature for Smartbrick 141425,""2022-03-11 08:23:59"",""5.9"""
"Temperature for Smartbrick 141425,""2022-03-11 08:33:58"",""6"""
"Temperature for Smartbrick 141425,""2022-03-11 08:43:58"",""6.1"""
"Temperature for Smartbrick 141425,""2022-03-11 08:53:59"",""6.3"""
"Temperature for Smartbrick 141425,""2022-03-11 09:03:58"",""7"""
"Temperature for Smartbrick 141425,""2022-03-11 09:13:58"",""7.5"""
"Temperature for Smartbrick 141425,""2022-03-11 09:24:03"",""7.9"""
"Temperature for Smartbrick 141425,""2022-03-11 09:33:58"",""8.1"""
"Temperature for Smartbrick 141425,""2022-03-11 09:43:58"",""8.3"""
"Temperature for Smartbrick 141425,""2022-03-11 09:53:58"",""8.5"""
"Temperature for Smartbrick 141425,""2022-03-11 10:03:58"",""8.7"""
"Temperature for Smartbrick 141425,""2022-03-11 10:13:58"",""8.7"""
"Temperature for Smartbrick 141425,""2022-03-11 10:23:58"",""8.8"""
"Temperature for Smartbrick 141425,""2022-03-11 10:33:58"",""9"""
"Temperature for Smartbrick 141425,""2022-03-11 10:43:58"",""9.2"""
"Temperature for Smartbrick 141425,""2022-03-11 10:53:58"",""9.4"""
"Temperature for Smartbrick 141425,""2022-03-11 11:03:58"",""9.6"""
"Temperature for Smartbrick 141425,""2022-03-11 11:13:58"",""9.8"""
"Temperature for Smartbrick 141425,""2022-03-11 11:23:59"",""10"""
"Temperature for Smartbrick 141425,""2022-03-11 11:33:58"",""10.2"""
"Temperature for Smartbrick 141425,""2022-03-11 11:43:59"",""10.4"""
"Temperature for Smartbrick 141425,""2022-03-11 11:53:58"",""10.7"""
"Temperature for Smartbrick 141425,""2022-03-11 12:03:58"",""10.9"""
"Temperature for Smartbrick 141425,""2022-03-11 12:13:58"",""11.2"""
"Temperature for Smartbrick 141425,""2022-03-11 12:23:58"",""11.4"""
"Temperature for Smartbrick 141425,""2022-03-11 12:33:59"",""11.6"""
"Temperature for Smartbrick 141425,""2022-03-11 12:43:58"",""11.7"""
"Temperature for Smartbrick 141425,""2022-03-11 12:53:59"",""11.9"""
"Temperature for Smartbrick 141425,""2022-03-11 13:03:58"",""12.1"""
"Temperature for Smartbrick 141425,""2022-03-11 13:13:58"",""12.2"""
"Temperature for Smartbrick 141425,""2022-03-11 13:23:59"",""12.4"""
"Temperature for Smartbrick 141425,""2022-03-11 13:33:59"",""12.5"""
"Temperature for Smartbrick 141425,""2022-03-11 13:43:58"",""12.7"""
"Temperature for Smartbrick 141425,""2022-03-11 13:53:59"",""12.8"""
"Temperature for Smartbrick 141425,""2022-03-11 14:04:03"",""13"""
"Temperature for Smartbrick 141425,""2022-03-11 14:13:58"",""13.1"""
"Temperature for Smartbrick 141425,""2022-03-11 14:23:59"",""13.2"""
"Temperature for Smartbrick 141425,""2022-03-11 14:33:58"",""13.3"""
"Temperature for Smartbrick 141425,""2022-03-11 14:43:58"",""13.3"""
"Temperature for Smartbrick 141425,""2022-03-11 14:53:58"",""13.3"""
"Temperature for Smartbrick 141425,""2022-03-11 15:03:58"",""13.3"""
"Temperature for Smartbrick 141425,""2022-03-11 15:13:58"",""13.5"""
"Temperature for Smartbrick 141425,""2022-03-11 15:23:58"",""13.5"""
"Temperature for Smartbrick 141425,""2022-03-11 15:33:58"",""13.5"""
"Temperature for Smartbrick 141425,""2022-03-11 15:43:57"",""13.6"""
"Temperature for Smartbrick 141425,""2022-03-11 15:53:58"",""13.7"""
"Temperature for Smartbrick 141425,""2022-03-11 16:03:58"",""13.6"""
"Temperature for Smartbrick 141425,""2022-03-11 16:13:59"",""13.6"""
"Temperature for Smartbrick 141425,""2022-03-11 16:23:58"",""13.6"""
"Temperature for Smartbrick 141425,""2022-03-11 16:33:58"",""13.5"""
"Temperature for Smartbrick 141425,""2022-03-11 16:43:58"",""13.3"""
"Temperature for Smartbrick 141425,""2022-03-11 16:53:57"",""13.2"""
"Temperature for Smartbrick 141425,""2022-03-11 17:03:57"",""13.1"""
"Temperature for Smartbrick 141425,""2022-03-11 17:13:58"",""13"""
"Temperature for Smartbrick 141425,""2022-03-11 17:23:59"",""13"""
"Temperature for Smartbrick 141425,""2022-03-11 17:33:57"",""13"""
"Temperature for Smartbrick 141425,""2022-03-11 17:43:57"",""13"""
"Temperature for Smartbrick 141425,""2022-03-11 17:53:58"",""12.9"""
"Temperature for Smartbrick 141425,""2022-03-11 18:03:57"",""12.9"""
"Temperature for Smartbrick 141425,""2022-03-11 18:13:57"",""12.8"""
"Temperature for Smartbrick 141425,""2022-03-11 18:24:02"",""12.7"""
"Temperature for Smartbrick 141425,""2022-03-11 18:33:57"",""12.5"""
"Temperature for Smartbrick 141425,""2022-03-11 18:43:57"",""12.4"""
"Temperature for Smartbrick 141425,""2022-03-11 18:53:59"",""12.3"""
"Temperature for Smartbrick 141425,""2022-03-11 19:03:57"",""12.3"""
"Temperature for Smartbrick 141425,""2022-03-11 19:14:01"",""12.2"""
"Temperature for Smartbrick 141425,""2022-03-11 19:23:58"",""12.1"""
"Temperature for Smartbrick 141425,""2022-03-11 19:33:57"",""12"""
"Temperature for Smartbrick 141425,""2022-03-11 19:43:59"",""11.9"""
"Temperature for Smartbrick 141425,""2022-03-11 19:54:00"",""11.9"""
"Temperature for Smartbrick 141425,""2022-03-11 20:03:58"",""11.8"""
"Temperature for Smartbrick 141425,""2022-03-11 20:13:57"",""11.7"""
"Temperature for Smartbrick 141425,""2022-03-11 20:23:58"",""11.6"""
"Temperature for Smartbrick 141425,""2022-03-11 20:33:57"",""11.6"""
"Temperature for Smartbrick 141425,""2022-03-11 20:43:57"",""11.5"""
"Temperature for Smartbrick 141425,""2022-03-11 20:53:58"",""11.4"""
"Temperature for Smartbrick 141425,""2022-03-11 21:03:58"",""11.3"""
"Temperature for Smartbrick 141425,""2022-03-11 21:13:57"",""11.2"""
"Temperature for Smartbrick 141425,""2022-03-11 21:23:57"",""11.2"""
"Temperature for Smartbrick 141425,""2022-03-11 21:33:57"",""11.2"""
"Temperature for Smartbrick 141425,""2022-03-11 21:43:57"",""11.2"""
"Temperature for Smartbrick 141425,""2022-03-11 21:53:59"",""11.1"""
"Temperature for Smartbrick 141425,""2022-03-11 22:04:00"",""11.1"""
"Temperature for Smartbrick 141425,""2022-03-11 22:13:58"",""11"""
"Temperature for Smartbrick 141425,""2022-03-11 22:23:57"",""10.8"""
"Temperature for Smartbrick 141425,""2022-03-11 22:33:57"",""10.7"""
"Temperature for Smartbrick 141425,""2022-03-11 22:43:57"",""10.5"""
"Temperature for Smartbrick 141425,""2022-03-11 22:53:58"",""10.5"""
"Temperature for Smartbrick 141425,""2022-03-11 23:03:57"",""10.4"""
"Temperature for Smartbrick 141425,""2022-03-11 23:13:57"",""10.4"""
"Temperature for Smartbrick 141425,""2022-03-11 23:23:59"",""10.4"""
"Temperature for Smartbrick 141425,""2022-03-11 23:33:58"",""10.4"""
"Temperature for Smartbrick 141425,""2022-03-11 23:43:57"",""10.3"""
"Temperature for Smartbrick 141425,""2022-03-11 23:53:57"",""10.2"""
"Temperature for Smartbrick 141425,""2022-03-12 00:03:58"",""10.2"""
"Temperature for Smartbrick 141425,""2022-03-12 00:13:57"",""10.1"""
"Temperature for Smartbrick 141425,""2022-03-12 00:23:57"",""10.1"""
"Temperature for Smartbrick 141425,""2022-03-12 00:33:57"",""10.1"""
"Temperature for Smartbrick 141425,""2022-03-12 00:43:57"",""10.1"""
"Temperature for Smartbrick 141425,""2022-03-12 00:53:57"",""10.1"""
"Temperature for Smartbrick 141425,""2022-03-12 01:03:58"",""10.2"""
"Temperature for Smartbrick 141425,""2022-03-12 01:14:00"",""10.2"""
"Temperature for Smartbrick 141425,""2022-03-12 01:23:57"",""10.1"""
"Temperature for Smartbrick 141425,""2022-03-12 01:33:58"",""10.1"""
"Temperature for Smartbrick 141425,""2022-03-12 01:43:57"",""10"""
"Temperature for Smartbrick 141425,""2022-03-12 01:53:58"",""10"""
"Temperature for Smartbrick 141425,""2022-03-12 02:03:57"",""9.9"""
"Temperature for Smartbrick 141425,""2022-03-12 02:13:57"",""9.8"""
"Temperature for Smartbrick 141425,""2022-03-12 02:23:59"",""9.7"""
"Temperature for Smartbrick 141425,""2022-03-12 02:33:58"",""9.6"""
"Temperature for Smartbrick 141425,""2022-03-12 02:43:58"",""9.4"""
"Temperature for Smartbrick 141425,""2022-03-12 02:53:58"",""9.2"""
"Temperature for Smartbrick 141425,""2022-03-12 03:03:57"",""9.1"""
"Temperature for Smartbrick 141425,""2022-03-12 03:13:57"",""8.9"""
"Temperature for Smartbrick 141425,""2022-03-12 03:23:57"",""8.9"""
"Temperature for Smartbrick 141425,""2022-03-12 03:33:58"",""8.9"""
"Temperature for Smartbrick 141425,""2022-03-12 03:43:57"",""8.9"""
"Temperature for Smartbrick 141425,""2022-03-12 03:53:57"",""8.8"""
"Temperature for Smartbrick 141425,""2022-03-12 04:03:58"",""8.8"""
"Temperature for Smartbrick 141425,""2022-03-12 04:13:57"",""8.8"""
"Temperature for Smartbrick 141425,""2022-03-12 04:23:57"",""8.8"""
"Temperature for Smartbrick 141425,""2022-03-12 04:33:57"",""8.7"""
"Temperature for Smartbrick 141425,""2022-03-12 04:43:57"",""8.7"""
"Temperature for Smartbrick 141425,""2022-03-12 04:53:57"",""8.8"""
"Temperature for Smartbrick 141425,""2022-03-12 05:03:57"",""8.9"""
"Temperature for Smartbrick 141425,""2022-03-12 05:13:57"",""8.9"""
"Temperature for Smartbrick 141425,""2022-03-12 05:23:57"",""8.7"""
"Temperature for Smartbrick 141425,""2022-03-12 05:33:59"",""8.6"""
"Temperature for Smartbrick 141425,""2022-03-12 05:43:57"",""8.5"""
"Temperature for Smartbrick 141425,""2022-03-12 05:53:58"",""8.5"""
"Temperature for Smartbrick 141425,""2022-03-12 06:03:58"",""8.3"""
"Temperature for Smartbrick 141425,""2022-03-12 06:13:58"",""8.3"""
"Temperature for Smartbrick 141425,""2022-03-12 06:23:58"",""8.4"""
"Temperature for Smartbrick 141425,""2022-03-12 06:33:57"",""8.4"""
"Temperature for Smartbrick 141425,""2022-03-12 06:43:57"",""8.4"""
"Temperature for Smartbrick 141425,""2022-03-12 06:53:57"",""8.4"""
"Temperature for Smartbrick 141425,""2022-03-12 07:03:57"",""8.4"""
"Temperature for Smartbrick 141425,""2022-03-12 07:13:57"",""8.3"""
"Temperature for Smartbrick 141425,""2022-03-12 07:23:57"",""8.3"""
"Temperature for Smartbrick 141425,""2022-03-12 07:33:57"",""8.4"""
"Temperature for Smartbrick 141425,""2022-03-12 07:43:57"",""8.6"""
"Temperature for Smartbrick 141425,""2022-03-12 07:53:57"",""8.8"""
"Temperature for Smartbrick 141425,""2022-03-12 08:03:57"",""9"""
"Temperature for Smartbrick 141425,""2022-03-12 08:13:57"",""9.1"""
"Temperature for Smartbrick 141425,""2022-03-12 08:23:57"",""9.3"""
"Temperature for Smartbrick 141425,""2022-03-12 08:33:57"",""9.5"""
"Temperature for Smartbrick 141425,""2022-03-12 08:43:58"",""9.6"""
"Temperature for Smartbrick 141425,""2022-03-12 08:53:58"",""9.8"""
"Temperature for Smartbrick 141425,""2022-03-12 09:03:57"",""10"""
"Temperature for Smartbrick 141425,""2022-03-12 09:13:57"",""10.1"""
"Temperature for Smartbrick 141425,""2022-03-12 09:23:59"",""10.2"""
"Temperature for Smartbrick 141425,""2022-03-12 09:33:57"",""10.4"""
"Temperature for Smartbrick 141425,""2022-03-12 09:43:58"",""10.6"""
"Temperature for Smartbrick 141425,""2022-03-12 09:53:57"",""10.8"""
"Temperature for Smartbrick 141425,""2022-03-12 10:03:57"",""11"""
"Temperature for Smartbrick 141425,""2022-03-12 10:13:57"",""11.1"""
"Temperature for Smartbrick 141425,""2022-03-12 10:23:57"",""11.1"""
"Temperature for Smartbrick 141425,""2022-03-12 10:33:57"",""11.3"""
"Temperature for Smartbrick 141425,""2022-03-12 10:44:02"",""11.4"""
"Temperature for Smartbrick 141425,""2022-03-12 10:53:57"",""11.6"""
"Temperature for Smartbrick 141425,""2022-03-12 11:03:57"",""11.6"""
"Temperature for Smartbrick 141425,""2022-03-12 11:13:57"",""11.7"""
"Temperature for Smartbrick 141425,""2022-03-12 11:23:57"",""11.8"""
"Temperature for Smartbrick 141425,""2022-03-12 11:33:57"",""11.9"""
"Temperature for Smartbrick 141425,""2022-03-12 11:43:57"",""11.9"""
"Temperature for Smartbrick 141425,""2022-03-12 11:53:57"",""12"""
"Temperature for Smartbrick 141425,""2022-03-12 12:03:57"",""12.2"""
"Temperature for Smartbrick 141425,""2022-03-12 12:13:57"",""12.4"""
"Temperature for Smartbrick 141425,""2022-03-12 12:23:57"",""12.5"""
"Temperature for Smartbrick 141425,""2022-03-12 12:33:58"",""12.6"""
"Temperature for Smartbrick 141425,""2022-03-12 12:43:57"",""12.6"""
"Temperature for Smartbrick 141425,""2022-03-12 12:53:57"",""12.6"""
"Temperature for Smartbrick 141425,""2022-03-12 13:03:56"",""12.7"""
"Temperature for Smartbrick 141425,""2022-03-12 13:13:56"",""12.8"""
"Temperature for Smartbrick 141425,""2022-03-12 13:23:56"",""12.9"""
"Temperature for Smartbrick 141425,""2022-03-12 13:33:56"",""13"""
"Temperature for Smartbrick 141425,""2022-03-12 13:43:56"",""12.9"""
"Temperature for Smartbrick 141425,""2022-03-12 13:53:57"",""13"""
"Temperature for Smartbrick 141425,""2022-03-12 14:03:56"",""13.1"""
"Temperature for Smartbrick 141425,""2022-03-12 14:13:56"",""13.2"""
"Temperature for Smartbrick 141425,""2022-03-12 14:23:57"",""13.2"""
"Temperature for Smartbrick 141425,""2022-03-12 14:33:56"",""13.2"""
"Temperature for Smartbrick 141425,""2022-03-12 14:43:57"",""13.2"""
"Temperature for Smartbrick 141425,""2022-03-12 14:53:57"",""13.2"""
"Temperature for Smartbrick 141425,""2022-03-12 15:03:57"",""13.4"""
"Temperature for Smartbrick 141425,""2022-03-12 15:13:56"",""13.4"""
"Temperature for Smartbrick 141425,""2022-03-12 15:23:57"",""13.4"""
"Temperature for Smartbrick 141425,""2022-03-12 15:33:58"",""13.3"""
"Temperature for Smartbrick 141425,""2022-03-12 15:43:56"",""13.2"""
"Temperature for Smartbrick 141425,""2022-03-12 15:53:56"",""13.1"""
"Temperature for Smartbrick 141425,""2022-03-12 16:03:56"",""12.8"""
"Temperature for Smartbrick 141425,""2022-03-12 16:14:02"",""12.7"""
"Temperature for Smartbrick 141425,""2022-03-12 16:23:56"",""12.5"""
"Temperature for Smartbrick 141425,""2022-03-12 16:33:57"",""12.5"""
"Temperature for Smartbrick 141425,""2022-03-12 16:43:56"",""12.3"""
"Temperature for Smartbrick 141425,""2022-03-12 16:53:56"",""12.2"""
"Temperature for Smartbrick 141425,""2022-03-12 17:03:56"",""12.2"""
"Temperature for Smartbrick 141425,""2022-03-12 17:13:56"",""12.2"""
"Temperature for Smartbrick 141425,""2022-03-12 17:23:58"",""12.3"""
"Temperature for Smartbrick 141425,""2022-03-12 17:33:57"",""12.3"""
"Temperature for Smartbrick 141425,""2022-03-12 17:43:56"",""12.2"""
"Temperature for Smartbrick 141425,""2022-03-12 17:53:58"",""12.1"""
"Temperature for Smartbrick 141425,""2022-03-12 18:03:56"",""11.9"""
"Temperature for Smartbrick 141425,""2022-03-12 18:13:56"",""11.9"""
"Temperature for Smartbrick 141425,""2022-03-12 18:23:57"",""11.9"""
"Temperature for Smartbrick 141425,""2022-03-12 18:33:56"",""11.7"""
"Temperature for Smartbrick 141425,""2022-03-12 18:43:56"",""11.5"""
"Temperature for Smartbrick 141425,""2022-03-12 18:53:56"",""11.4"""
"Temperature for Smartbrick 141425,""2022-03-12 19:03:56"",""11.2"""
"Temperature for Smartbrick 141425,""2022-03-12 19:13:58"",""11.2"""
"Temperature for Smartbrick 141425,""2022-03-12 19:23:57"",""11.4"""
"Temperature for Smartbrick 141425,""2022-03-12 19:33:56"",""11.7"""
"Temperature for Smartbrick 141425,""2022-03-12 19:43:56"",""11.7"""
"Temperature for Smartbrick 141425,""2022-03-12 19:53:57"",""11.8"""
"Temperature for Smartbrick 141425,""2022-03-12 20:03:59"",""11.8"""
"Temperature for Smartbrick 141425,""2022-03-12 20:13:57"",""11.8"""
"Temperature for Smartbrick 141425,""2022-03-12 20:23:56"",""11.8"""
"Temperature for Smartbrick 141425,""2022-03-12 20:33:56"",""11.8"""
"Temperature for Smartbrick 141425,""2022-03-12 20:43:56"",""11.8"""
"Temperature for Smartbrick 141425,""2022-03-12 20:53:57"",""11.8"""
"Temperature for Smartbrick 141425,""2022-03-12 21:03:56"",""11.8"""
"Temperature for Smartbrick 141425,""2022-03-12 21:13:56"",""11.9"""
"Temperature for Smartbrick 141425,""2022-03-12 21:23:56"",""11.9"""
"Temperature for Smartbrick 141425,""2022-03-12 21:33:56"",""12"""
"Temperature for Smartbrick 141425,""2022-03-12 21:43:57"",""12"""
"Temperature for Smartbrick 141425,""2022-03-12 21:53:56"",""12"""
"Temperature for Smartbrick 141425,""2022-03-12 22:03:56"",""12.1"""
"Temperature for Smartbrick 141425,""2022-03-12 22:13:56"",""12"""
"Temperature for Smartbrick 141425,""2022-03-12 22:23:56"",""12"""
"Temperature for Smartbrick 141425,""2022-03-12 22:33:56"",""12"""
"Temperature for Smartbrick 141425,""2022-03-12 22:43:56"",""12"""
"Temperature for Smartbrick 141425,""2022-03-12 22:54:02"",""12"""
"Temperature for Smartbrick 141425,""2022-03-12 23:03:56"",""12"""
"Temperature for Smartbrick 141425,""2022-03-12 23:13:56"",""11.9"""
"Temperature for Smartbrick 141425,""2022-03-12 23:23:56"",""11.8"""
"Temperature for Smartbrick 141425,""2022-03-12 23:33:57"",""11.8"""
"Temperature for Smartbrick 141425,""2022-03-12 23:43:56"",""11.7"""
"Temperature for Smartbrick 141425,""2022-03-12 23:53:56"",""11.7"""
"Temperature for Smartbrick 141425,""2022-03-13 00:03:56"",""11.5"""
"Temperature for Smartbrick 141425,""2022-03-13 00:13:56"",""11.5"""
"Temperature for Smartbrick 141425,""2022-03-13 00:23:58"",""11.4"""
"Temperature for Smartbrick 141425,""2022-03-13 00:33:57"",""11.4"""
"Temperature for Smartbrick 141425,""2022-03-13 00:43:56"",""11.3"""
"Temperature for Smartbrick 141425,""2022-03-13 00:53:58"",""11.2"""
"Temperature for Smartbrick 141425,""2022-03-13 01:03:56"",""11"""
"Temperature for Smartbrick 141425,""2022-03-13 01:13:56"",""10.9"""
"Temperature for Smartbrick 141425,""2022-03-13 01:23:56"",""10.9"""
"Temperature for Smartbrick 141425,""2022-03-13 01:33:56"",""10.9"""
"Temperature for Smartbrick 141425,""2022-03-13 01:43:56"",""10.8"""
"Temperature for Smartbrick 141425,""2022-03-13 01:53:56"",""10.9"""
"Temperature for Smartbrick 141425,""2022-03-13 02:03:56"",""10.9"""
"Temperature for Smartbrick 141425,""2022-03-13 02:13:56"",""10.9"""
"Temperature for Smartbrick 141425,""2022-03-13 02:23:56"",""11"""
"Temperature for Smartbrick 141425,""2022-03-13 02:33:56"",""10.9"""
"Temperature for Smartbrick 141425,""2022-03-13 02:43:57"",""10.8"""
"Temperature for Smartbrick 141425,""2022-03-13 02:53:56"",""10.8"""
"Temperature for Smartbrick 141425,""2022-03-13 03:03:56"",""10.8"""
"Temperature for Smartbrick 141425,""2022-03-13 03:13:56"",""10.7"""
"Temperature for Smartbrick 141425,""2022-03-13 03:23:56"",""10.7"""
"Temperature for Smartbrick 141425,""2022-03-13 03:33:56"",""10.7"""
"Temperature for Smartbrick 141425,""2022-03-13 03:43:56"",""10.7"""
"Temperature for Smartbrick 141425,""2022-03-13 03:53:56"",""10.6"""
"Temperature for Smartbrick 141425,""2022-03-13 04:03:56"",""10.6"""
"Temperature for Smartbrick 141425,""2022-03-13 04:13:56"",""10.6"""
"Temperature for Smartbrick 141425,""2022-03-13 04:23:56"",""10.6"""
"Temperature for Smartbrick 141425,""2022-03-13 04:33:56"",""10.6"""
"Temperature for Smartbrick 141425,""2022-03-13 04:43:56"",""10.5"""
"Temperature for Smartbrick 141425,""2022-03-13 04:53:56"",""10.5"""
"Temperature for Smartbrick 141425,""2022-03-13 05:03:56"",""10.4"""
"Temperature for Smartbrick 141425,""2022-03-13 05:13:56"",""10.3"""
"Temperature for Smartbrick 141425,""2022-03-13 05:23:56"",""10.2"""
"Temperature for Smartbrick 141425,""2022-03-13 05:33:56"",""10.1"""
"Temperature for Smartbrick 141425,""2022-03-13 05:43:56"",""10"""
"Temperature for Smartbrick 141425,""2022-03-13 05:53:56"",""10"""
"Temperature for Smartbrick 141425,""2022-03-13 06:03:56"",""10"""
"Temperature for Smartbrick 141425,""2022-03-13 06:13:56"",""9.8"""
"Temperature for Smartbrick 141425,""2022-03-13 06:23:56"",""9.8"""
"Temperature for Smartbrick 141425,""2022-03-13 06:33:56"",""9.9"""
"Temperature for Smartbrick 141425,""2022-03-13 06:43:56"",""9.9"""
"Temperature for Smartbrick 141425,""2022-03-13 06:53:56"",""9.8"""
"Temperature for Smartbrick 141425,""2022-03-13 07:03:55"",""9.9"""
"Temperature for Smartbrick 141425,""2022-03-13 07:13:56"",""9.8"""
"Temperature for Smartbrick 141425,""2022-03-13 07:23:55"",""9.8"""
"Temperature for Smartbrick 141425,""2022-03-13 07:33:56"",""9.9"""
"Temperature for Smartbrick 141425,""2022-03-13 07:43:56"",""9.9"""
"Temperature for Smartbrick 141425,""2022-03-13 07:53:55"",""9.9"""
"Temperature for Smartbrick 141425,""2022-03-13 08:03:55"",""10"""
"Temperature for Smartbrick 141425,""2022-03-13 08:13:56"",""10.1"""
"Temperature for Smartbrick 141425,""2022-03-13 08:23:56"",""10"""
"Temperature for Smartbrick 141425,""2022-03-13 08:33:55"",""10.1"""
"Temperature for Smartbrick 141425,""2022-03-13 08:43:55"",""10.2"""
"Temperature for Smartbrick 141425,""2022-03-13 08:53:55"",""10.3"""
"Temperature for Smartbrick 141425,""2022-03-13 09:04:01"",""10.5"""
"Temperature for Smartbrick 141425,""2022-03-13 09:13:56"",""10.8"""
"Temperature for Smartbrick 141425,""2022-03-13 09:23:55"",""10.9"""
"Temperature for Smartbrick 141425,""2022-03-13 09:33:55"",""11.3"""
"Temperature for Smartbrick 141425,""2022-03-13 09:43:55"",""11.5"""
"Temperature for Smartbrick 141425,""2022-03-13 09:53:55"",""11.7"""
"Temperature for Smartbrick 141425,""2022-03-13 10:03:55"",""11.8"""
"Temperature for Smartbrick 141425,""2022-03-13 10:13:56"",""11.8"""
"Temperature for Smartbrick 141425,""2022-03-13 10:23:55"",""11.9"""
"Temperature for Smartbrick 141425,""2022-03-13 10:33:55"",""12"""
"Temperature for Smartbrick 141425,""2022-03-13 10:43:55"",""12.2"""
"Temperature for Smartbrick 141425,""2022-03-13 10:53:55"",""12.3"""
"Temperature for Smartbrick 141425,""2022-03-13 11:03:55"",""12.5"""
"Temperature for Smartbrick 141425,""2022-03-13 11:13:56"",""12.6"""
"Temperature for Smartbrick 141425,""2022-03-13 11:23:56"",""12.6"""
"Temperature for Smartbrick 141425,""2022-03-13 11:33:55"",""12.7"""
"Temperature for Smartbrick 141425,""2022-03-13 11:43:55"",""12.7"""
"Temperature for Smartbrick 141425,""2022-03-13 11:53:55"",""12.8"""
"Temperature for Smartbrick 141425,""2022-03-13 12:03:55"",""12.9"""
"Temperature for Smartbrick 141425,""2022-03-13 12:13:56"",""13"""
"Temperature for Smartbrick 141425,""2022-03-13 12:23:55"",""13.1"""
"Temperature for Smartbrick 141425,""2022-03-13 12:33:55"",""13.1"""
"Temperature for Smartbrick 141425,""2022-03-13 12:43:55"",""13.3"""
"Temperature for Smartbrick 141425,""2022-03-13 12:53:55"",""13.4"""
"Temperature for Smartbrick 141425,""2022-03-13 13:03:55"",""13.4"""
"Temperature for Smartbrick 141425,""2022-03-13 13:13:55"",""13.6"""
"Temperature for Smartbrick 141425,""2022-03-13 13:23:55"",""13.9"""
"Temperature for Smartbrick 141425,""2022-03-13 13:33:55"",""14.1"""
"Temperature for Smartbrick 141425,""2022-03-13 13:43:55"",""14.2"""
"Temperature for Smartbrick 141425,""2022-03-13 13:53:56"",""14.3"""
"Temperature for Smartbrick 141425,""2022-03-13 14:03:55"",""14.4"""
"Temperature for Smartbrick 141425,""2022-03-13 14:13:56"",""14.5"""
"Temperature for Smartbrick 141425,""2022-03-13 14:23:58"",""14.6"""
"Temperature for Smartbrick 141425,""2022-03-13 14:33:55"",""14.7"""
"Temperature for Smartbrick 141425,""2022-03-13 14:43:55"",""14.8"""
"Temperature for Smartbrick 141425,""2022-03-13 14:53:55"",""14.9"""
"Temperature for Smartbrick 141425,""2022-03-13 15:03:57"",""14.9"""
"Temperature for Smartbrick 141425,""2022-03-13 15:13:55"",""14.9"""
"Temperature for Smartbrick 141425,""2022-03-13 15:23:55"",""15"""
"Temperature for Smartbrick 141425,""2022-03-13 15:33:55"",""15"""
"Temperature for Smartbrick 141425,""2022-03-13 15:43:55"",""15.1"""
"Temperature for Smartbrick 141425,""2022-03-13 15:53:55"",""15.1"""
"Temperature for Smartbrick 141425,""2022-03-13 16:03:55"",""15.1"""
"Temperature for Smartbrick 141425,""2022-03-13 16:13:55"",""15.1"""
"Temperature for Smartbrick 141425,""2022-03-13 16:23:56"",""15.2"""
"Temperature for Smartbrick 141425,""2022-03-13 16:33:55"",""15.2"""
"Temperature for Smartbrick 141425,""2022-03-13 16:43:55"",""15.2"""
"Temperature for Smartbrick 141425,""2022-03-13 16:53:55"",""15.2"""
"Temperature for Smartbrick 141425,""2022-03-13 17:03:56"",""15.2"""
"Temperature for Smartbrick 141425,""2022-03-13 17:13:55"",""15.2"""
"Temperature for Smartbrick 141425,""2022-03-13 17:23:55"",""15.3"""
"Temperature for Smartbrick 141425,""2022-03-13 17:33:55"",""15.2"""
"Temperature for Smartbrick 141425,""2022-03-13 17:43:55"",""15.2"""
"Temperature for Smartbrick 141425,""2022-03-13 17:53:55"",""14.9"""
"Temperature for Smartbrick 141425,""2022-03-13 18:03:56"",""14.7"""
"Temperature for Smartbrick 141425,""2022-03-13 18:13:55"",""14.5"""
"Temperature for Smartbrick 141425,""2022-03-13 18:23:55"",""14.2"""
"Temperature for Smartbrick 141425,""2022-03-13 18:33:55"",""13.9"""
"Temperature for Smartbrick 141425,""2022-03-13 18:43:55"",""13.6"""
"Temperature for Smartbrick 141425,""2022-03-13 18:53:55"",""13.4"""
"Temperature for Smartbrick 141425,""2022-03-13 19:03:55"",""13.1"""
"Temperature for Smartbrick 141425,""2022-03-13 19:13:55"",""13"""
"Temperature for Smartbrick 141425,""2022-03-13 19:23:55"",""13.1"""
"Temperature for Smartbrick 141425,""2022-03-13 19:33:55"",""13.1"""
"Temperature for Smartbrick 141425,""2022-03-13 19:43:55"",""13.3"""
"Temperature for Smartbrick 141425,""2022-03-13 19:53:55"",""13.5"""
"Temperature for Smartbrick 141425,""2022-03-13 20:03:55"",""13.4"""
"Temperature for Smartbrick 141425,""2022-03-13 20:13:55"",""13.4"""
"Temperature for Smartbrick 141425,""2022-03-13 20:23:55"",""13.3"""
"Temperature for Smartbrick 141425,""2022-03-13 20:33:55"",""13.3"""
"Temperature for Smartbrick 141425,""2022-03-13 20:43:55"",""13.2"""
"Temperature for Smartbrick 141425,""2022-03-13 20:53:55"",""13.1"""
"Temperature for Smartbrick 141425,""2022-03-13 21:03:55"",""13"""
"Temperature for Smartbrick 141425,""2022-03-13 21:13:58"",""13"""
"Temperature for Smartbrick 141425,""2022-03-13 21:23:55"",""12.9"""
"Temperature for Smartbrick 141425,""2022-03-13 21:33:55"",""12.8"""
"Temperature for Smartbrick 141425,""2022-03-13 21:43:55"",""12.7"""
"Temperature for Smartbrick 141425,""2022-03-13 21:53:55"",""12.7"""
"Temperature for Smartbrick 141425,""2022-03-13 22:03:55"",""12.6"""
"Temperature for Smartbrick 141425,""2022-03-13 22:13:55"",""12.5"""
"Temperature for Smartbrick 141425,""2022-03-13 22:23:55"",""12.4"""
"Temperature for Smartbrick 141425,""2022-03-13 22:33:55"",""12.3"""
"Temperature for Smartbrick 141425,""2022-03-13 22:43:55"",""12.1"""
"Temperature for Smartbrick 141425,""2022-03-13 22:53:55"",""12"""
"Temperature for Smartbrick 141425,""2022-03-13 23:03:55"",""11.9"""
"Temperature for Smartbrick 141425,""2022-03-13 23:13:55"",""11.9"""
"Temperature for Smartbrick 141425,""2022-03-13 23:23:55"",""11.8"""
"Temperature for Smartbrick 141425,""2022-03-13 23:33:55"",""11.7"""
"Temperature for Smartbrick 141425,""2022-03-13 23:43:55"",""11.6"""
"Temperature for Smartbrick 141425,""2022-03-13 23:53:55"",""11.4"""
"Temperature for Smartbrick 141425,""2022-03-14 00:03:55"",""11.4"""
"Temperature for Smartbrick 141425,""2022-03-14 00:13:55"",""11.4"""
"Temperature for Smartbrick 141425,""2022-03-14 00:23:55"",""11.3"""
"Temperature for Smartbrick 141425,""2022-03-14 00:33:55"",""11.3"""
"Temperature for Smartbrick 141425,""2022-03-14 00:43:54"",""11.3"""
"Temperature for Smartbrick 141425,""2022-03-14 00:53:55"",""11.2"""
"Temperature for Smartbrick 141425,""2022-03-14 01:03:55"",""11.2"""
"Temperature for Smartbrick 141425,""2022-03-14 01:13:55"",""11.2"""
"Temperature for Smartbrick 141425,""2022-03-14 01:23:55"",""11"""
"Temperature for Smartbrick 141425,""2022-03-14 01:33:54"",""10.8"""
"Temperature for Smartbrick 141425,""2022-03-14 01:43:55"",""10.6"""
"Temperature for Smartbrick 141425,""2022-03-14 01:53:55"",""10.5"""
"Temperature for Smartbrick 141425,""2022-03-14 02:03:55"",""10.7"""
"Temperature for Smartbrick 141425,""2022-03-14 02:13:55"",""10.7"""
"Temperature for Smartbrick 141425,""2022-03-14 02:23:55"",""10.7"""
"Temperature for Smartbrick 141425,""2022-03-14 02:33:55"",""10.7"""
"Temperature for Smartbrick 141425,""2022-03-14 02:43:54"",""10.7"""
"Temperature for Smartbrick 141425,""2022-03-14 02:53:54"",""10.7"""
"Temperature for Smartbrick 141425,""2022-03-14 03:03:55"",""10.5"""
"Temperature for Smartbrick 141425,""2022-03-14 03:13:55"",""10.4"""
"Temperature for Smartbrick 141425,""2022-03-14 03:23:55"",""10.4"""
"Temperature for Smartbrick 141425,""2022-03-14 03:33:54"",""10.2"""
"Temperature for Smartbrick 141425,""2022-03-14 03:43:54"",""10.3"""
"Temperature for Smartbrick 141425,""2022-03-14 04:03:54"",""10.3"""
"Temperature for Smartbrick 141425,""2022-03-14 05:13:54"",""10.1"""
"Temperature for Smartbrick 141425,""2022-03-14 05:23:55"",""10.1"""
"Temperature for Smartbrick 141425,""2022-03-14 05:33:54"",""10.1"""
"Temperature for Smartbrick 141425,""2022-03-14 05:43:54"",""10"""
"Temperature for Smartbrick 141425,""2022-03-14 05:53:55"",""9.8"""
"Temperature for Smartbrick 141425,""2022-03-14 06:03:54"",""9.6"""
"Temperature for Smartbrick 141425,""2022-03-14 06:13:54"",""9.6"""
"Temperature for Smartbrick 141425,""2022-03-14 06:23:55"",""9.5"""
"Temperature for Smartbrick 141425,""2022-03-14 06:33:54"",""9.4"""
"Temperature for Smartbrick 141425,""2022-03-14 06:43:54"",""9.3"""
"Temperature for Smartbrick 141425,""2022-03-14 06:53:54"",""9.2"""
"Temperature for Smartbrick 141425,""2022-03-14 07:03:54"",""9.1"""
"Temperature for Smartbrick 141425,""2022-03-14 07:13:55"",""9"""
"Temperature for Smartbrick 141425,""2022-03-14 07:23:55"",""9"""
"Temperature for Smartbrick 141425,""2022-03-14 07:33:54"",""9"""
"Temperature for Smartbrick 141425,""2022-03-14 07:43:55"",""9"""
"Temperature for Smartbrick 141425,""2022-03-14 07:53:54"",""9"""
"Temperature for Smartbrick 141425,""2022-03-14 08:03:54"",""9"""
"Temperature for Smartbrick 141425,""2022-03-14 08:13:54"",""9.1"""
"Temperature for Smartbrick 141425,""2022-03-14 08:23:54"",""9.1"""
"Temperature for Smartbrick 141425,""2022-03-14 08:33:54"",""9.2"""
"Temperature for Smartbrick 141425,""2022-03-14 08:43:54"",""9.2"""
"Temperature for Smartbrick 141425,""2022-03-14 08:53:57"",""9.3"""
"Temperature for Smartbrick 141425,""2022-03-14 09:03:54"",""9.4"""
"Temperature for Smartbrick 141425,""2022-03-14 09:13:54"",""9.5"""
"Temperature for Smartbrick 141425,""2022-03-14 09:23:54"",""9.7"""
"Temperature for Smartbrick 141425,""2022-03-14 09:33:54"",""9.9"""
"Temperature for Smartbrick 141425,""2022-03-14 09:43:54"",""10.1"""
"Temperature for Smartbrick 141425,""2022-03-14 09:53:54"",""10.2"""
"Temperature for Smartbrick 141425,""2022-03-14 10:03:54"",""10.3"""
"Temperature for Smartbrick 141425,""2022-03-14 10:13:54"",""10.4"""
"Temperature for Smartbrick 141425,""2022-03-14 10:23:54"",""10.4"""
"Temperature for Smartbrick 141425,""2022-03-14 10:33:54"",""10.6"""
"Temperature for Smartbrick 141425,""2022-03-14 10:43:54"",""10.8"""
"Temperature for Smartbrick 141425,""2022-03-14 10:53:54"",""10.9"""
"Temperature for Smartbrick 141425,""2022-03-14 11:03:54"",""11"""
"Temperature for Smartbrick 141425,""2022-03-14 11:13:55"",""11.1"""
"Temperature for Smartbrick 141425,""2022-03-14 11:23:54"",""11.4"""
"Temperature for Smartbrick 141425,""2022-03-14 11:33:54"",""11.6"""
"Temperature for Smartbrick 141425,""2022-03-14 11:43:54"",""11.6"""
